2025-12-10_13-50-14,0,draft.py:2025-12-10_13-50-14
2025-12-10_13-50-15,0,draft.py:2025-12-10_13-50-14
2025-12-10_13-55-54,0,draft.py:2025-12-10_13-55-54
2025-12-10_14-00-46,0,draft.py:2025-12-10_14-00-46
2025-12-10_14-22-21,0,draft.py:2025-12-10_14-22-21
2025-12-10_15-10-34,0,draft.py:2025-12-10_15-10-34
2025-12-10_15-12-47,---,draft.py:2025-12-10_15-12-47
2025-12-10_15-12-51,---,draft.py:2025-12-10_15-12-47
2025-12-10_15-13-05,---,draft.py:2025-12-10_15-13-05
2025-12-10_15-13-34,---,draft.py:2025-12-10_15-13-34
2025-12-10_15-13-47,---,draft.py:2025-12-10_15-13-47
2025-12-10_15-13-53,0,draft.py:2025-12-10_15-13-47
2025-12-10_15-13-54,0,draft.py:2025-12-10_15-13-47
2025-12-12_10-34-31,0,draft.py:2025-12-12_10-34-31
2025-12-12_10-40-39,0,draft.py:2025-12-12_10-40-39
2025-12-12_10-40-42,---,draft.py:2025-12-12_10-40-39
2025-12-13_14-44-16,0,draft.py:2025-12-13_14-44-16
2025-12-13_14-44-19,0,draft.py:2025-12-13_14-44-16
2025-12-13_14-50-43,0,draft.py:2025-12-13_14-50-43
2025-12-13_14-50-43,0,draft.py:2025-12-13_14-50-43
2025-12-13_14-50-44,0,draft.py:2025-12-13_14-50-44
